PlayerName,PlayerCode
A. J. Burnett,burna001
A. J. Ellis,ellia001
A. J. Griffin,grifa002
A. J. Murray,murra001
A. J. Pierzynski,piera001
A. J. Pollock,polla001
Aaron Bates,batea001
Aaron Boone,boona001
Aaron Cook,cooka002
Aaron Cunningham,cunna001
Aaron Fultz,fulta001
Aaron Guiel,guiea001
Aaron Harang,haraa001
Aaron Hill,hilla001
Aaron Laffey,laffa001
Aaron Miles,milea001
Aaron Rowand,rowaa001
Aaron Sele,selea001
Aaron Small,smala001
Aaron Thompson,thoma003
Abraham Nunez,nunea001
Adalberto Mendez,menda001
Adam Bernero,berna001
Adam Dunn,dunna001
Adam Eaton,eatoa001
Adam Eaton,eatoa002
Adam Everett,evera001
Adam Hyzdu,hyzda001
Adam Jones,jonea003
Adam Kennedy,kenna001
Adam LaRoche,laroa001
Adam Lind,linda001
Adam Loewen,loewa001
Adam Melhuse,melha001
Adam Moore,moora001
Adam Ottavino,ottaa001
Adam Pettyjohn,petta002
Adam Rosales,rosaa001
Adam Stern,stera001
Adam Wainwright,waina001
Adam Warren,warra001
Adam Wilk,wilka001
Adeiny Hechavarria,hecha001
Adrian Beltre,belta001
Adrian Brown,browa001
Adrian Cardenas,carda001
Adrian Gonzalez,gonza003
Adron Chambers,chama002
Akinori Iwamura,iwama001
Alan Johnson,johna002
Alay Soler,solea001
Albert Pujols,pujoa001
Alberto Arias,ariaa002
Alberto Callaspo,calla001
Alberto Castillo,casta001
Alberto Gonzalez,gonza005
Alcides Escobar,escoa003
Alejandro De Aza,deaza001
Alejandro de Aza,deaza001
Alejandro Sanabia,sanaa001
Alex Avila,avila001
Alex Castellanos,casta003
Alex Cintron,cinta001
Alex Cobb,cobba001
Alex Cora,coraa001
Alex Escobar,escoa002
Alex Gonzalez,gonza001
Alex Gonzalez,gonza002
Alex Gordon,gorda001
Alex Liddi,lidda001
Alex Presley,presa001
Alex Rios,riosa002
Alex Rodriguez,rodra001
Alex Romero,romea001
Alex White,whita001
Alexei Ramirez,ramia003
Alexi Amarista,amara001
Alexi Casilla,casia001
Alexi Ogando,ogana001
Alexis Gomez,gomea001
Alfonso Soriano,soria001
Alfredo Aceves,aceva001
Alfredo Amezaga,ameza001
Alfredo Figaro,figaa001
Alfredo Simon,simoa001
Allen Craig,craia001
Alvin Colina,colia001
Ambiorix Burgos,burga001
Anderson Hernandez,herna003
Andre Ethier,ethia001
Andrelton Simmons,simma001
Andres Blanco,blana001
Andres Torres,torra001
Andrew Brown,browa003
Andrew Carpenter,carpa001
Andrew Cashner,casha001
Andrew McCutchen,mccua001
Andrew Miller,milla002
Andrew Oliver,oliva002
Andrew Romine,romia001
Andrew Werner,werna001
Andruw Jones,jonea002
Andy Cannizaro,canna001
Andy Dirks,dirka001
Andy Gonzalez,gonza004
Andy Green,greea001
Andy LaRoche,laroa002
Andy Marte,marta004
Andy Parrino,parra001
Andy Pettitte,petta001
Andy Phillips,phila001
Andy Sonnanstine,sonna001
Andy Tracy,traca001
Aneury Rodriguez,rodra002
Angel Berroa,berra001
Angel Guzman,guzma001
Angel Pagan,pagaa001
Angel Sanchez,sanca005
Anibal Sanchez,sanca004
Anthony Bass,bassa001
Anthony Gose,gosea001
Anthony Lerew,lerea001
Anthony Ortega,ortea001
Anthony Recker,recka001
Anthony Reyes,reyea002
Anthony Rizzo,rizza001
Anthony Swarzak,swara001
Anthony Vasquez,vasqa001
Antonio Bastardo,basta001
Antonio Perez,perea001
Aramis Ramirez,ramia001
Argenis Diaz,diaza002
Argenis Reyes,reyea003
Armando Gabino,gabia001
Armando Galarraga,galaa002
Asdrubal Cabrera,cabra002
Aubrey Huff,huffa001
Augie Ojeda,ojeda001
Austin Jackson,jacka001
Austin Kearns,keara001
Austin Romine,romia002
Avisail Garcia,garca003
B.J. Rosenberg,roseb003
B.J. Upton,uptob001
Barbaro Canizares,canib001
Barry Bonds,bondb001
Barry Enright,enrib001
Barry Zito,zitob001
Bartolo Colon,colob001
Beltran Perez,pereb001
Ben Broussard,broub001
Ben Francisco,franb001
Ben Hendrickson,hendb001
Ben Johnson,johnb003
Ben Revere,reveb001
Ben Sheets,sheeb001
Ben Zobrist,zobrb001
Bengie Molina,molib001
Bernie Castro,castb002
Bernie Williams,willb002
Bill Hall,hallb001
Bill Mueller,muelb001
Billy Buckner,buckb002
Billy Butler,butlb003
Billy Traber,trabb001
Blake Beavan,beavb001
Blake Davis,davib005
Blake DeWitt,dewib001
Blake Hawksworth,hawkb001
Blake Lalli,lallb001
Blake Tekotte,tekob001
Bobby Abreu,abreb001
Bobby Cramer,cramb001
Bobby Crosby,crosb002
Bobby Keppel,keppb001
Bobby Kielty,kielb001
Bobby Livingston,livib001
Bobby Parnell,parnb001
Bobby Scales,scalb001
Bobby Wilson,wilsb002
Boof Bonser,bonsb001
Brad Ausmus,ausmb001
Brad Bergesen,bergb002
Brad Davis,davib004
Brad Eldred,eldrb001
Brad Emaus,emaub001
Brad Halsey,halsb001
Brad Hand,handb001
Brad Harman,harmb001
Brad Hawpe,hawpb001
Brad Hennessey,hennb001
Brad Kilby,kilbb001
Brad Lincoln,lincb001
Brad Mills,millb001
Brad Nelson,nelsb002
Brad Peacock,peacb001
Brad Penny,pennb002
Brad Radke,radkb001
Brad Snyder,snydb002
Brad Thomas,thomb001
Brad Thompson,thomb002
Brad Wilkerson,wilkb002
Braden Looper,loopb001
Bradley Hawpe,hawpb001
Brady Clark,clarb003
Brandon Allen,alleb001
Brandon Backe,backb001
Brandon Barnes,barnb002
Brandon Beachy,beacb001
Brandon Belt,beltb001
Brandon Boggs,boggb001
Brandon Claussen,claub001
Brandon Crawford,crawb001
Brandon Dickson,dickb001
Brandon Duckworth,duckb001
Brandon Fahey,faheb001
Brandon Guyer,guyeb001
Brandon Harper,harpb002
Brandon Hicks,hickb002
Brandon Inge,ingeb001
Brandon Jones,joneb005
Brandon Knight,knigb001
Brandon Laird,lairb001
Brandon McCarthy,mccab001
Brandon Morrow,morrb001
Brandon Moss,mossb001
Brandon Phillips,philb001
Brandon Snyder,snydb003
Brandon Watson,watsb002
Brandon Webb,webbb001
Brandon Wood,woodb003
Brayan Pena,penab002
Brendan Harris,harrb001
Brendan Ryan,ryanb002
Brennan Boesch,boesb001
Brent Clevlen,clevb001
Brent Lillibridge,lillb001
Brent Morel,moreb001
Brett Anderson,andeb004
Brett Carroll,carrb001
Brett Cecil,cecib001
Brett Gardner,gardb001
Brett Hayes,hayeb001
Brett Jackson,jackb002
Brett Lawrie,lawrb002
Brett Myers,myerb001
Brett Pill,pillb001
Brett Tomko,tomkb001
Brett Wallace,wallb001
Brian Anderson,andeb003
Brian Bannister,bannb001
Brian Barden,bardb001
Brian Barton,bartb001
Brian Bass,bassb001
Brian Bixler,bixlb001
Brian Bocock,bocob001
Brian Bogusevic,bogub001
Brian Bruney,brunb001
Brian Burres,burrb001
Brian Buscher,buscb001
Brian Dinkelman,dinkb001
Brian Dozier,dozib001
Brian Duensing,duenb001
Brian Giles,gileb002
Brian Gordon,gordb001
Brian Horwitz,horwb001
Brian Jordan,jordb001
Brian Lawrence,lawrb001
Brian Matusz,matub001
Brian McCann,mccab002
Brian Moehler,moehb001
Brian Myrow,myrob001
Brian Roberts,robeb003
Brian Sanches,sancb001
Brian Schneider,schnb001
Brian Slocum,slocb001
Brian Stokes,stokb001
Brian Tallet,tallb001
Brock Holt,holtb002
Bronson Arroyo,arrob001
Bronson Sardinha,sardb001
Brooks Conrad,conrb001
Brooks Raley,raleb001
Bruce Chen,chenb001
Bryan Anderson,andeb005
Bryan Augenstein,augeb001
Bryan Bullington,bullb001
Bryan Holaday,holab001
Bryan LaHair,lahab001
Bryan Petersen,peteb001
Bryce Harper,harpb003
Bubba Crosby,crosb001
Buck Coats,coatb001
Bud Norris,norrb001
Buddy Carlyle,carlb001
Burke Badenhop,badeb001
Buster Posey,poseb001
Byung-Hyun,kim-b001
Byung-Hyun Kim,kim-b001
C.C. Sabathia,sabac001
C.J. Wilson,wilsc004
Callix Crabbe,crabc001
Cameron Maybin,maybc001
Carl Crawford,crawc002
Carl Everett,everc001
Carl Pavano,pavac001
Carlos Beltran,beltc001
Carlos Carrasco,carrc003
Carlos Corporan,corpc001
Carlos Delgado,delgc001
Carlos Gomez,gomec002
Carlos Gonzalez,gonzc001
Carlos Guillen,guilc001
Carlos Lee,lee-c001
Carlos Maldonado,maldc003
Carlos Marmol,marmc001
Carlos Monasterios,monac001
Carlos Peguero,peguc001
Carlos Pena,penac001
Carlos Quentin,quenc001
Carlos Ruiz,ruizc001
Carlos Santana,santc002
Carlos Silva,silvc001
Carlos Torres,torrc001
Carlos Triunfel,triuc001
Carlos Villanueva,villc001
Carlos Zambrano,zambc001
Casey Blake,blakc001
Casey Coleman,colec001
Casey Crosby,crosc001
Casey Fossum,fossc001
Casey Janssen,jansc001
Casey Kelly,kellc001
Casey Kotchman,kotcc001
Casey McGehee,mcgec001
Casper Wells,wellc001
Cesar Carrillo,carrc002
Cesar Izturis,iztuc001
Cesar Jimenez,jimec002
Cesar Ramos,ramoc001
Cesar Valdez,valdc003
Cha Seung Baek,baekc001
Chad Billingsley,billc001
Chad Durbin,durbc001
Chad Gaudin,gaudc001
Chad Huffman,huffc001
Chad Jenkins,jenkc001
Chad Moeller,moelc001
Chad Mottola,mottc001
Chad Reineke,reinc001
Chad Santos,santc001
Chad Tracy,tracc001
Chan Ho Park,parkc002
Charlie Blackmon,blacc001
Charlie Culberson,culbc001
Charlie Furbush,furbc001
Charlie Haeger,haegc001
Charlie Morton,mortc002
Charlie Zink,zinkc001
Chase d'Arnaud,darnc001
Chase Headley,headc001
Chase Utley,utlec001
Chase Wright,wrigc001
Che-Hsuan Lin,lin-c001
Chien-Ming Wang,wangc001
Chin-Lung Hu,hu--c001
Chip Ambres,ambrc001
Chipper Jones,jonec004
Chone Figgins,figgc001
Choo Freeman,freec001
Chris Aguila,aguic001
Chris Archer,archc001
Chris Barnwell,barnc001
Chris Burke,burkc001
Chris Capuano,capuc001
Chris Carpenter,carpc002
Chris Carter,cartc001
Chris Carter,cartc002
Chris Coghlan,coghc001
Chris Coste,costc001
Chris Davis,davic003
Chris Denorfia,denoc001
Chris Dickerson,dickc001
Chris Duffy,duffc001
Chris Duncan,duncc002
Chris Getz,getzc001
Chris Gimenez,gimec001
Chris Gomez,gomec001
Chris Hatcher,hatcc002
Chris Heintz,heinc001
Chris Heisey,heisc001
Chris Herrmann,herrc001
Chris Iannetta,iannc001
Chris Jakubauskas,jakuc001
Chris Johnson,johnc003
Chris Lambert,lambc001
Chris Marrero,marrc001
Chris Michalak,michc001
Chris Narveson,narvc001
Chris Nelson,nelsc001
Chris Parmelee,parmc001
Chris Richard,richc001
Chris Roberson,robec001
Chris Rusin,rusic001
Chris Sale,salec001
Chris Sampson,sampc001
Chris Schwinden,schwc001
Chris Seddon,seddc001
Chris Shelton,shelc001
Chris Snelling,snelc001
Chris Snyder,snydc002
Chris Stewart,stewc001
Chris Tillman,tillc001
Chris Valaika,valac001
Chris Volstad,volsc001
Chris Waters,watec001
Chris Widger,widgc001
Chris Woodward,woodc001
Chris Young,younc003
Chris Young,younc004
Christian Friedrich,friec001
Chuck James,jamec002
Claudio Vargas,vargc001
Clay Buchholz,buchc001
Clay Hensley,hensc002
Clayton Kershaw,kersc001
Clayton Mortensen,mortc003
Clayton Richard,richc002
Clete Thomas,thomc002
Cliff Floyd,floyc001
Cliff Lee,lee-c003
Cliff Pennington,pennc001
Clint Barmes,barmc001
Clint Sammons,sammc001
Coco Crisp,crisc001
Cody Ransom,ransc001
Cody Ross,rossc001
Colby Lewis,lewic001
Colby Rasmus,rasmc001
Cole De Vries,devrc001
Cole Garner,garnc001
Cole Gillespie,gillc002
Cole Hamels,hamec001
Colin Balester,balec001
Colin Curtis,curtc002
Collin Balester,balec001
Collin Cowgill,cowgc001
Collin McHugh,mchuc001
Colt Morton,mortc001
Conor Gillaspie,gillc001
Conor Jackson,jackc002
Cord Phelps,phelc001
Corey Brown,browc003
Corey Hart,hartc001
Corey Kluber,klubc001
Corey Koskie,koskc001
Corey Patterson,pattc001
Corky Miller,millc001
Cory Aldridge,aldrc001
Cory Lidle,lidlc001
Cory Luebke,luebc001
Cory Sullivan,sullc001
Craig Biggio,biggc001
Craig Counsell,counc001
Craig Gentry,gentc001
Craig Monroe,monrc001
Craig Stammen,stamc001
Craig Stansberry,stanc001
Craig Tatum,tatuc001
Craig Wilson,wilsc003
Cristian Guzman,guzmc001
Curt Schilling,schic002
Curtis Granderson,granc001
Curtis Pride,pridc001
Curtis Thigpen,thigc001
D.J. Carrasco,carrd001
D'Angelo Jimenez,jimed001
Daisuke Matsuzaka,matsd001
Dallas Braden,bradd002
Dallas Keuchel,keucd001
Dallas McPherson,mcphd001
Damian Jackson,jackd003
Damian Miller,milld002
Damion Easley,easld001
Damon Hollins,holld002
Dan Giese,giesd001
Dan Haren,hared001
Dan Johnson,johnd004
Dan Meyer,meyed002
Dan Murphy,murpd006
Dan Ortmeier,ortmd001
Dan Runzler,runzd001
Dan Straily,strad003
Dan Uggla,uggld001
Dana Eveland,eveld001
Dane Eveland,eveld001
Dane Sardinha,sardd001
Daniel Bard,bardd001
Daniel Barone,barod001
Daniel Cabrera,cabrd001
Daniel Descalso,descd001
Daniel Haren,hared001
Daniel Hudson,hudsd001
Daniel McCutchen,mccud001
Daniel Murphy,murpd006
Daniel Nava,navad002
Daniel Ortmeier,ortmd001
Danny Ardoin,ardod001
Danny Duffy,duffd001
Danny Espinosa,espid001
Danny Putnam,putnd001
Danny Richar,richd001
Danny Sandoval,sandd003
Danny Valencia,valed001
Danny Worth,wortd001
Daric Barton,bartd001
Darin Erstad,erstd001
Darin Mastroianni,mastd002
Darin Ruf,ruf-d001
Darnell McDonald,mcdod002
Darrell Rasner,rasnd001
Darren Oliver,olivd001
Darwin Barney,barnd001
Daryl Thompson,thomd003
Daryle Ward,wardd002
Dave Bush,bushd001
Dave Roberts,robed001
Dave Sappelt,sappd001
Dave Williams,willd002
David Bell,belld002
David Cooper,coopd002
David DeJesus,dejed001
David Dellucci,delld001
David Eckstein,ecksd001
David Freese,freed001
David Hernandez,hernd002
David Huff,huffd001
David Lough,lougd001
David Murphy,murpd005
David Newhan,newhd001
David Ortiz,ortid001
David Pauley,pauld001
David Phelps,pheld001
David Price,pricd001
David Purcey,purcd001
David Ross,rossd001
David Wells,welld001
David Wright,wrigd002
Dayan Viciedo,vicid001
Dee Gordon,gordd002
Dellin Betances,betad001
Delmon Young,yound003
Delwyn Young,yound004
Denard Span,spand001
Denis Phipps,phipd001
Dennis Sarfate,sarfd001
Denny Bautista,bautd002
Derek Holland,holld003
Derek Jeter,jeted001
Derek Lowe,lowed001
Derek Norris,norrd001
Derrek Lee,lee-d002
Desi Relaford,relad001
Desmond Jennings,jennd002
Devern Hansack,hansd002
Devin Mesoraco,mesod001
Dewayne Wise,wised001
Dewon Brazelton,brazd001
Dexter Fowler,fowld001
Didi Gregorius,gregd001
Dillon Gee,gee-d001
Dioner Navarro,navad001
Diory Hernandez,hernd001
Dirk Hayhurst,hayhd001
DJ LeMahieu,lemad001
Dmitri Young,yound001
Domonic Brown,browd004
Don Kelly,kelld001
Donnie Murphy,murpd004
Donny Lucy,lucyd001
Donovan Solano,solad001
Dontrelle Willis,willd003
Doug Bernier,bernd001
Doug Davis,david002
Doug Fister,fistd001
Doug Mathis,mathd001
Doug Mientkiewicz,miend001
Doug Mirabelli,mirad001
Doug Waechter,waecd001
Douglas Waechter,waecd001
Drew Anderson,anded002
Drew Butera,buted001
Drew Hutchison,hutcd001
Drew Macias,macid001
Drew Meyer,meyed003
Drew Pomeranz,pomed001
Drew Smyly,smyld001
Drew Stubbs,stubd001
Drew Sutton,suttd002
Duane Below,belod001
Dustan Mohr,mohrd001
Dustin Ackley,ackld001
Dustin McGowan,mcgod001
Dustin Moseley,mosed001
Dustin Nippert,nippd001
Dustin Pedroia,pedrd001
Dusty Brown,browd003
Dusty Hughes,hughd001
Dusty Ryan,ryand001
Dylan Axelrod,axeld001
Ed Rogers,rogee001
Eddie Bonine,bonie002
Eddy Rodriguez,rodre003
Edgar Gonzalez,gonze001
Edgar Gonzalez,gonze003
Edgar Renteria,rente001
Edgardo Alfonzo,alfoe001
Edinson Volquez,volqe001
Eduardo Escobar,escoe001
Eduardo Nunez,nunee002
Eduardo Perez,peree001
Edwar Cabrera,cabre002
Edward Mujica,mujie001
Edwin Bellorin,belle002
Edwin Encarnacion,encae001
Edwin Jackson,jacke001
Edwin Maysonet,mayse001
Efren Navarro,navae001
Eider Torres,torre001
Eli Marrero,marre001
Eli Whiteside,white004
Elian Herrera,herre001
Eliezer Alfonzo,alfoe002
Elih Villanueva,ville002
Elijah Dukes,dukee001
Elizardo Ramirez,ramie002
Elliot Johnson,johne002
Elmer Dessens,desse001
Elvis Andrus,andre001
Emil Brown,browe001
Emilio Bonifacio,bonie001
Emmanuel Burriss,burre001
Endy Chavez,chave002
Enrique Gonzalez,gonze002
Erasmo Ramirez,ramie004
Eric Bruntlett,brune001
Eric Byrnes,byrne001
Eric Chavez,chave001
Eric Fryer,fryee001
Eric Hacker,hacke001
Eric Hinske,hinse001
Eric Hosmer,hosme001
Eric Hurley,hurle001
Eric Milton,milte001
Eric Munson,munse001
Eric Patterson,patte001
Eric Reed,reede001
Eric Sogard,sogae001
Eric Stults,stule002
Eric Surkamp,surke001
Eric Thames,thame001
Eric Young,youne001
Eric Young,youne003
Erick Almonte,almoe001
Erick Aybar,aybae001
Erik Bedard,bedae001
Erik Komatsu,komae001
Erik Kratz,krate001
Ervin Santana,sante001
Esmerling Vasquez,vasqe001
Esmil Rogers,rogee002
Esteban German,germe001
Esteban Loaiza,loaie001
Eude Brito,brite001
Eugenio Velez,velee001
Eulogio de la Cruz,delae001
Evan Longoria,longe001
Everett Teaford,teafe001
Everth Cabrera,cabre001
Ezequiel Carrera,carre001
Fabio Castro,castf002
Fausto Carmona,carmf001
Felipe Lopez,lopef001
Felipe Paulino,paulf001
Felix Doubront,doubf001
Felix Hernandez,hernf002
Felix Pie,pie-f001
Fernando Abad,abadf001
Fernando Cortez,cortf001
Fernando Martinez,martf002
Fernando Nieve,nievf001
Fernando Perez,peref001
Fernando Tatis,tatif001
Francisco Cervelli,cervf001
Francisco Cruceta,crucf001
Francisco Liriano,lirif001
Francisco Peguero,peguf001
Francisco Rosario,rosaf001
Frank Catalanotto,cataf001
Frank Thomas,thomf001
Franklin Gutierrez,gutif001
Franklin Morales,moraf001
Fred Lewis,lewif001
Freddie Bynum,bynuf001
Freddie Freeman,freef001
Freddy Galvis,galvf001
Freddy Garcia,garcf002
Freddy Guzman,guzmf001
Freddy Sanchez,sancf001
Freddy Sandoval,sandf001
Gabe Gross,grosg002
Gabe Kapler,kaplg001
Gaby Sanchez,sancg001
Garret Anderson,andeg001
Garrett Anderson,andeg001
Garrett Atkins,atkig001
Garrett Jones,joneg002
Garrett Mock,mockg001
Garrett Olson,olsog003
Garrett Richards,richg002
Gary Bennett,benng001
Gary Matthews,mattg002
Gary Sheffield,shefg001
Gavin Floyd,floyg001
Geoff Blum,blumg001
Geoff Jenkins,jenkg001
George Kottaras,kottg001
George Lombard,lombg001
Geovany Soto,sotog001
Gerald Laird,lairg001
Gerardo Parra,parrg001
German Duran,durag001
Geronimo Gil,gil-g001
Giancarlo Stanton,stanm004
Gil Meche,mechg001
Gil Velazquez,velag002
Gio Gonzalez,gonzg003
Glen Perkins,perkg001
Glendon Rusch,ruscg001
Gordon Beckham,beckg001
Gorkys Hernandez,herng001
Grady Sizemore,sizeg001
Graham Godfrey,godfg001
Graham Taylor,taylg001
Greg Dobbs,dobbg001
Greg Golson,golsg001
Greg Halman,halmg001
Greg Maddux,maddg002
Greg Norton,nortg001
Greg Reynolds,reyng001
Greg Smith,smitg002
Gregg Zaun,zaung001
Gregor Blanco,blang001
Gregorio Petit,petig001
Guillermo Moscoso,moscg001
Guillermo Quiroz,quirg001
Guillermo Rodriguez,rodrg001
Gustavo Chacin,chacg001
Gustavo Molina,molig002
Hank Blalock,blalh001
Hank Conger,congh001
Hanley Ramirez,ramih003
Hayden Penn,pennh001
Hector Carrasco,carrh001
Hector Gimenez,gimeh001
Hector Gomez,gomeh001
Hector Luna,lunah001
Hector Noesi,noesh001
Hector Sanchez,sanch002
Hector Santiago,santh001
Henderson Alvarez,alvah001
Henry Blanco,blanh001
Henry Mateo,mateh001
Henry Rodriguez,rodrh003
Henry Sosa,sosah001
Hernan Iribarren,iribh001
Hideki Matsui,matsh001
Hiram Bocachica,bocah001
Hiroki Kuroda,kuroh001
Hisanori Takahashi,takah001
Hisashi Iwakuma,iwakh001
Homer Bailey,bailh001
Hong-Chih Kuo,kuo-h001
Horacio Ramirez,ramih002
Howard Kendrick,kendh001
Howie Clark,clarh001
Howie Kendrick,kendh001
Humberto Cota,cotah001
Humberto Quintero,quinh001
Hunter Pence,pench001
Ian Desmond,desmi001
Ian Kennedy,kenni001
Ian Kinsler,kinsi001
Ian Snell,sneli001
Ian Stewart,stewi001
Ichiro Suzuki,suzui001
Ike Davis,davii001
Irving Falu,falui001
Ivan De Jesus,dejei002
Ivan Nova,novai001
Ivan Ochoa,ochoi001
Ivan Rodriguez,rodri001
J. A. Happ,happj001
J. B. Shuck,shucj001
J. C. Boscan,boscj001
J. D. Closser,closj001
J. D. Drew,drewj001
J. D. Durbin,durbj001
J. D. Martin,martj005
J. D. Martinez,martj006
J. J. Furmaniak,furmj001
J. J. Hardy,hardj003
J. P. Arencibia,arenj001
J. P. Howell,howej003
J. R. House,housj001
J. R. Towles,towlj001
J. T. Snow,snowj001
Jack Cassel,cassj001
Jack Cust,custj001
Jack Hannahan,hannj001
Jack Wilson,wilsj002
Jacob Turner,turnj002
Jacoby Ellsbury,ellsj001
Jacque Jones,jonej003
Jae Kuk Ryu,ryu-j001
Jae Seo,seo-j001
Jai Miller,millj004
Jaime Garcia,garcj004
Jair Jurrjens,jurrj001
Jake Arrieta,arrij001
Jake Elmore,elmoj001
Jake Fox,fox-j001
Jake Odorizzi,odorj001
Jake Peavy,peavj001
Jake Westbrook,westj001
Jake Woods,woodj002
James Darnell,darnj001
James Loney,lonej001
James McDonald,mcdoj004
James Parr,parrj004
James Russell,russj003
James Shields,shiej002
Jamey Carroll,carrj001
Jamey Wright,wrigj001
Jamie Burke,burkj003
Jamie D'Antona,dantj001
Jamie Hoffmann,hoffj001
Jamie Moyer,moyej001
Jaret Wright,wrigj002
Jarrett Hoffpauir,hoffj002
Jarrod Dyson,dysoj001
Jarrod Parker,parkj001
Jarrod Saltalamacchia,saltj001
Jarrod Washburn,washj001
Jason Bartlett,bartj001
Jason Bay,bay-j001
Jason Bergmann,bergj001
Jason Berken,berkj001
Jason Botts,bottj001
Jason Bourgeois,bourj001
Jason Castro,castj006
Jason Davis,davij005
Jason Donald,donaj002
Jason Ellison,ellij001
Jason Giambi,giamj001
Jason Hammel,hammj002
Jason Heyward,heywj001
Jason Hirsh,hirsj001
Jason Jaramillo,jaraj001
Jason Jennings,jennj001
Jason Johnson,johnj007
Jason Kendall,kendj001
Jason Kipnis,kipnj001
Jason Kubel,kubej002
Jason Lane,lanej001
Jason LaRue,laruj001
Jason Marquis,marqj001
Jason Michaels,michj001
Jason Perry,perrj001
Jason Phillips,philj003
Jason Pridie,pridj001
Jason Repko,repkj001
Jason Schmidt,schmj001
Jason Shiell,shiej001
Jason Simontacchi,simoj001
Jason Smith,smitj001
Jason Stanford,stanj002
Jason Tyner,tynej001
Jason Vargas,vargj001
Jason Varitek,varij001
Jason Windsor,windj001
Jason Wood,woodj001
Javier Valentin,valej004
Javier Vazquez,vazqj001
Javy Lopez,lopej001
Jay Bruce,brucj001
Jay Buente,buenj001
Jay Gibbons,gibbj002
Jay Payton,paytj001
Jayson Nix,nix-j001
Jayson Werth,wertj001
Jean Segura,seguj002
Jeanmar Gomez,gomej002
Jed Lowrie,lowrj001
Jeff Bailey,bailj001
Jeff Baisley,baisj001
Jeff Baker,bakej001
Jeff Bennett,bennj002
Jeff Bianchi,bianj001
Jeff Cirillo,cirij001
Jeff Clement,clemj001
Jeff Conine,conij001
Jeff DaVanon,davaj001
Jeff Fassero,fassj001
Jeff Francis,franj003
Jeff Francoeur,franj004
Jeff Frazier,frazj001
Jeff Karstens,karsj001
Jeff Kent,kentj001
Jeff Keppinger,keppj001
Jeff Larish,larij001
Jeff Locke,lockj001
Jeff Manship,mansj001
Jeff Mathis,mathj001
Jeff Niemann,niemj001
Jeff Salazar,salaj002
Jeff Samardzija,samaj001
Jeff Suppan,suppj001
Jeff Weaver,weavj002
Jeffrey DaVanon,davaj001
Jeffrey Fiorentino,fiorj001
Jemile Weeks,weekj001
Jenrry Mejia,mejij001
Jerad Head,headj001
Jered Weaver,weavj003
Jeremi Gonzalez,gonzj003
Jeremy Affeldt,affej001
Jeremy Bonderman,bondj001
Jeremy Brown,browj005
Jeremy Guthrie,guthj001
Jeremy Hefner,hefnj001
Jeremy Hellickson,hellj001
Jeremy Hermida,hermj001
Jeremy Mejia,mejij001
Jeremy Moore,moorj001
Jeremy Reed,reedj004
Jeremy Sowers,sowej001
Jermaine Dye,dye-j001
Jerome Williams,willj003
Jeromy Burnitz,burnj001
Jerry Hairston,hairj002
Jerry Owens,owenj002
Jerry Sands,sandj002
Jesse Chavez,chavj001
Jesse Litsch,litsj001
Jesus Feliciano,felij002
Jesus Flores,florj002
Jesus Guzman,guzmj005
Jesus Montero,montj003
Jeurys Familia,famij001
Jhonatan Solano,solaj002
Jhonny Peralta,peraj001
Jhoulys Chacin,chacj001
Jim Edmonds,edmoj001
Jim Johnson,johnj010
Jim Thome,thomj002
Jimmy Barthmaier,bartj002
Jimmy Gobble,gobbj001
Jimmy Paredes,parej002
Jimmy Rollins,rollj001
Jo-Jo Reyes,reyej003
Joaquin Arias,ariaj001
Joba Chamberlain,chamj002
Jody Gerut,geruj001
Joe Benson,bensj001
Joe Blanton,blanj001
Joe Borchard,borcj001
Joe Crede,credj001
Joe Dillon,dillj001
Joe Inglett,inglj001
Joe Kelly,kellj001
Joe Kennedy,kennj001
Joe Koshansky,koshj001
Joe Mahoney,mahoj001
Joe Martinez,martj004
Joe Mather,mathj002
Joe Mauer,mauej001
Joe Mays,maysj001
Joe Randa,randj002
Joe Saunders,saunj001
Joe Thurston,thurj001
Joe Wieland,wielj001
Joel Carreno,carrj002
Joel Guzman,guzmj004
Joel Hanrahan,hanrj001
Joel Pineiro,pinej001
Joey Gathright,gathj001
Joey Votto,vottj001
Johan Santana,santj003
John Baker,bakej002
John Bale,balej001
John Bowker,bowkj001
John Buck,buckj001
John Danks,dankj001
John Ely,ely-j001
John Ennis,ennij001
John Gall,gallj001
John Halama,halaj001
John Hattig,hattj001
John Hester,hestj001
John Jaso,jasoj001
John Koronka,koroj001
John Lackey,lackj001
John Lannan,lannj001
John Lindsey,lindj003
John Mabry,mabrj001
John Maine,mainj001
John Mayberry,maybj001
John McDonald,mcdoj003
John Parrish,parrj003
John Patterson,pattj004
John Rheinecker,rheij001
John Rodriguez,rodrj002
John Smoltz,smolj001
John Thomson,thomj005
John Van Benschoten,vanbj001
John Wasdin,wasdj001
John-Ford Griffin,grifj002
Johnny Cueto,cuetj001
Johnny Damon,damoj001
Johnny Estrada,estrj001
Johnny Giavotella,giavj001
Jolbert Cabrera,cabrj002
Jon Garland,garlj001
Jon Jay,jay-j001
Jon Knott,knotj001
Jon Leicester,leicj001
Jon Lester,lestj001
Jon Lieber,liebj001
Jonathan Herrera,herrj002
Jonathan Lucroy,lucrj001
Jonathan Sanchez,sancj002
Jonathan Van Every,vanej001
Jonathon Niese,niesj001
Jonny Gomes,gomej001
Jordan Brown,browj006
Jordan Danks,dankj002
Jordan Lyles,lylej001
Jordan Pacheco,pachj001
Jordan Schafer,schaj002
Jordan Tata,tataj001
Jordan Zimmermann,zimmj003
Jordany Valdespin,valdj002
Jordy Mercer,mercj002
Jorge Campillo,campj002
Jorge Cantu,cantj001
Jorge De La Rosa,delaj001
Jorge de la Rosa,delaj001
Jorge DeLaRosa,delaj001
Jorge Padilla,padij002
Jorge Piedra,piedj001
Jorge Posada,posaj001
Jorge Sosa,sosaj002
Jorge Velandia,velaj001
Jose Altuve,altuj001
Jose Bautista,bautj002
Jose Castillo,castj005
Jose Constanza,consj001
Jose Contreras,contj002
Jose Cruz,cruzj004
Jose Guillen,guilj001
Jose Hernandez,hernj001
Jose Iglesias,iglej001
Jose Lima,limaj001
Jose Lobaton,lobaj001
Jose Lopez,lopej003
Jose Molina,molij001
Jose Morales,moraj002
Jose Quintana,quinj001
Jose Reyes,reyej001
Jose Tabata,tabaj002
Jose Valentin,valej003
Jose Vidro,vidrj001
Jose Vizcaino,vizcj001
Joseph Blanton,blanj001
Joseph Thurston,thurj001
Josh Anderson,andej004
Josh Banks,bankj001
Josh Bard,bardj001
Josh Barfield,barfj003
Josh Beckett,beckj002
Josh Bell,bellj004
Josh Collmenter,collj001
Josh Donaldson,donaj001
Josh Fields,fielj001
Josh Fogg,foggj001
Josh Geer,geerj001
Josh Hamilton,hamij003
Josh Harrison,harrj002
Josh Johnson,johnj009
Josh Outman,outmj001
Josh Paul,paulj001
Josh Phelps,phelj001
Josh Rabe,rabej001
Josh Reddick,reddj001
Josh Rodriguez,rodrj003
Josh Rutledge,rutlj001
Josh Satin,satij001
Josh Stinson,stinj001
Josh Thole,tholj001
Josh Tomlin,tomlj001
Josh Towers,towej001
Josh Vitters,vittj001
Josh Whitesell,whitj002
Josh Willingham,willj004
Josh Wilson,wilsj003
Juan Castro,castj004
Juan Cruz,cruzj005
Juan Diaz,diazj003
Juan Encarnacion,encaj001
Juan Francisco,franj005
Juan Gutierrez,gutij002
Juan Mateo,matej002
Juan Miranda,miraj001
Juan Morillo,morij001
Juan Nicasio,nicaj001
Juan Pierre,pierj002
Juan Rivera,rivej001
Juan Uribe,uribj002
Julian Tavarez,tavaj001
Julio Borbon,borbj001
Julio Franco,franj002
Julio Lugo,lugoj001
Julio Teheran,tehej001
Junichi Tazawa,tazaj001
Jurickson Profar,profj001
Justin Christian,chrij003
Justin Duchscherer,duchj001
Justin Germano,germj001
Justin Grimm,grimj002
Justin Hampson,hampj001
Justin Huber,hubej001
Justin Lehr,lehrj001
Justin Masterson,mastj001
Justin Maxwell,maxwj002
Justin Morneau,mornj001
Justin Ruggiano,ruggj001
Justin Sellers,sellj002
Justin Smoak,smoaj001
Justin Turner,turnj001
Justin Upton,uptoj001
Justin Verlander,verlj001
Kameron Loe,loe-k001
Kason Gabbard,gabbk001
Kaz Matsui,matsk001
Kazuo Matsui,matsk001
Kei Igawa,igawk001
Kelly Johnson,johnk003
Kelly Shoppach,shopk001
Kelly Stinnett,stink001
Kelvim Escobar,escok001
Ken Griffey,grifk002
Ken Huckaby,huckk001
Kendry Morales,morak001
Kendrys Morales,morak001
Kenji Johjima,johjk001
Kenny Lofton,loftk001
Kenny Rogers,rogek001
Kenshin Kawakami,kawak001
Kerry Robinson,robik002
Kerry Wood,woodk002
Kevin Barker,barkk001
Kevin Barry,barrk001
Kevin Cash,cashk001
Kevin Correia,corrk001
Kevin Frandsen,frank001
Kevin Gregg,gregk001
Kevin Hart,hartk001
Kevin Jarvis,jarvk001
Kevin Kouzmanoff,kouzk001
Kevin Mahar,mahak001
Kevin Mench,menck001
Kevin Millar,millk005
Kevin Millwood,millk004
Kevin Mulvey,mulvk001
Kevin Reese,reesk001
Kevin Richardson,richk001
Kevin Russo,russk001
Kevin Slowey,slowk001
Kevin Thompson,thomk001
Kevin Witt,wittk001
Kevin Youkilis,youkk001
Khalil Greene,greek002
Kila Ka'aihue,kaaik001
Kip Wells,wellk001
Kirk Nieuwenhuis,nieuk001
Kirk Saarloos,saark001
Koji Uehara,uehak001
Kole Calhoun,calhk001
Konrad Schmidt,schmk001
Kory Casto,castk001
Kosuke Fukudome,fukuk001
Koyie Hill,hillk002
Kris Benson,bensk001
Kris Medlen,medlk001
Kris Wilson,wilsk001
Kurt Birkins,birkk001
Kurt Suzuki,suzuk001
Kyle Blanks,blank002
Kyle Davies,davik002
Kyle Drabek,drabk001
Kyle Hudson,hudsk001
Kyle Kendrick,kendk001
Kyle Lohse,lohsk001
Kyle McClellan,mcclk001
Kyle McPherson,mcphk001
Kyle Phillips,philk001
Kyle Seager,seagk001
Kyle Snyder,snydk001
Kyle Weiland,weilk001
Lance Berkman,berkl001
Lance Broadway,broal001
Lance Cormier,corml001
Lance Lynn,lynnl001
Lance Niekro,niekl001
Lance Zawadzki,zawal001
Landon Powell,powel001
Larry Bigbie,bigbl001
Lars Anderson,andel002
Lastings Milledge,milll002
Laynce Nix,nix-l001
Lenny DiNardo,dinal001
Lenny Dinardo,dinal001
Leo Nunez,nunel001
Leonys Martin,martl004
Les Walrond,walrl001
Levale Speigner,speil001
Lew Ford,fordl001
Liam Hendriks,hendl001
Livan Hernandez,hernl003
Logan Forsythe,forsl001
Logan Morrison,morrl001
Logan Schafer,schal001
Lonnie Chisenhall,chisl001
Lorenzo Cain,cainl001
Lou Marson,marsl001
Lou Merloni,merll001
Lucas Duda,dudal001
Lucas French,frenl001
Lucas Harrell,harrl002
Lucas May,may-l001
Luis Antonio Jimenez,jimel001
Luis Atilano,atill001
Luis Castillo,castl001
Luis Cruz,cruzl001
Luis Durango,dural001
Luis Exposito,expol001
Luis Figueroa,figul001
Luis Gonzalez,gonzl001
Luis Gonzalez,gonzl004
Luis Hernandez,hernl004
Luis Martinez,martl002
Luis Matos,matol001
Luis Maza,mazal001
Luis Mendoza,mendl001
Luis Montanez,montl001
Luis Perez,perel001
Luis Rivas,rival001
Luis Rodriguez,rodrl002
Luis Terrero,terrl001
Luis Valbuena,valbl001
Luke Carlin,carll001
Luke Hochevar,hochl001
Luke Hudson,hudsl001
Luke Hughes,hughl001
Luke Montz,montl002
Luke Scott,scotl001
Lyle Overbay,overl001
Madison Bumgarner,bumgm001
Magglio Ordonez,ordom001
Maicer Izturis,iztum001
Manny Alexander,alexm001
Manny Machado,machm001
Manny Parra,parrm001
Manny Ramirez,ramim002
Manuel Pina,pinam001
Marc Rzepczynski,rzepm001
Marco Estrada,estrm001
Marco Scutaro,scutm001
Marcus Giles,gilem001
Marcus Thames,thamm001
Mark Bellhorn,bellm002
Mark Buehrle,buehm001
Mark DeRosa,derom001
Mark Ellis,ellim001
Mark Grudzielanek,grudm001
Mark Hamilton,hamim001
Mark Hendrickson,hendm001
Mark Johnson,johnm003
Mark Kotsay,kotsm001
Mark Loretta,lorem001
Mark Mulder,muldm001
Mark Prior,priom001
Mark Redman,redmm002
Mark Reynolds,reynm001
Mark Rogers,rogem001
Mark Sweeney,sweem001
Mark Teahen,teahm001
Mark Teixeira,teixm001
Mark Trumbo,trumm001
Marlon Anderson,andem003
Marlon Byrd,byrdm001
Martin Maldonado,maldm001
Martin Perez,perem004
Martin Prado,pradm001
Marty McLeary,mclem002
Marwin Gonzalez,gonzm002
Mat Gamel,gamem001
Mat Latos,latom001
Matt Adams,adamm002
Matt Albers,albem001
Matt Angle,anglm001
Matt Antonelli,antom001
Matt Belisle,belim001
Matt Cain,cainm001
Matt Carpenter,carpm002
Matt Carson,carsm001
Matt Chico,chicm001
Matt Clement,clemm001
Matt DeSalvo,desam001
Matt Diaz,diazm003
Matt Dominguez,domim001
Matt Downs,downm001
Matt Fox,fox-m001
Matt Garza,garzm001
Matt Ginter,gintm001
Matt Guerrier,guerm001
Matt Hague,hagum001
Matt Harrison,harrm001
Matt Harvey,harvm001
Matt Holliday,hollm001
Matt Joyce,joycm001
Matt Kata,katam001
Matt Kemp,kempm001
Matt LaPorta,lapom001
Matt Lawton,lawtm002
Matt Macri,macrm001
Matt Maloney,malom001
Matt Mangini,mangm001
Matt McBride,mcbrm002
Matt Moore,moorm003
Matt Morris,morrm001
Matt Murton,murtm001
Matt Pagnozzi,pagnm001
Matt Palmer,palmm001
Matt Stairs,staim001
Matt Tolbert,tolbm001
Matt Treanor,tream001
Matt Tuiasosopo,tuiam001
Matt Watson,watsm002
Matt Wieters,wietm001
Matt Young,younm004
Matthew Brown,browm006
Matthew Cepicky,cepim001
Matthew LeCroy,lecrm001
Mauro Gomez,gomem001
Max Ramirez,ramim003
Max Scherzer,schem001
Max St. Pierre,stpim001
Melky Cabrera,cabrm002
Melvin Dorta,dortm001
Melvin Mora,moram002
Merkin Valdez,valdm003
Micah Bowie,bowim001
Micah Hoffpauir,hoffm001
Micah Owings,owinm001
Michael Aubrey,aubrm001
Michael Barrett,barrm003
Michael Bourn,bourm001
Michael Bowden,bowdm001
Michael Brantley,branm003
Michael Cuddyer,cuddm001
Michael Fiers,fierm001
Michael Martinez,martm003
Michael McKenry,mckem001
Michael O'Connor,oconm001
Michael Pineda,pinem001
Michael Saunders,saunm001
Michael Taylor,taylm001
Michael Tucker,tuckm001
Michael Young,younm003
Michel Hernandez,hernm002
Miguel Asencio,asenm001
Miguel Batista,batim001
Miguel Cabrera,cabrm001
Miguel Cairo,cairm001
Miguel Gonzalez,gonzm003
Miguel Montero,montm001
Miguel Ojeda,ojedm001
Miguel Olivo,olivm001
Miguel Tejada,tejam001
Mike Aviles,avilm001
Mike Bacsik,bacsm001
Mike Baxter,baxtm001
Mike Burns,burnm001
Mike Cameron,camem001
Mike Carp,carpm001
Mike Cervenak,cervm001
Mike Costanzo,costm001
Mike DiFelice,difem001
Mike Edwards,edwam001
Mike Fontenot,fontm001
Mike Hampton,hampm001
Mike Hessman,hessm001
Mike Hollimon,hollm002
Mike Jacobs,jacom001
Mike Lamb,lambm001
Mike Leake,leakm001
Mike Lieberthal,liebm001
Mike Lowell,lowem001
Mike Maroth,marom001
Mike Matheny,mathm001
Mike McCoy,mccom001
Mike Minor,minom001
Mike Morse,morsm001
Mike Moustakas,mousm001
Mike Mussina,mussm001
Mike Napoli,napom001
Mike Nickeas,nickm001
Mike Olt,olt-m001
Mike Parisi,parim001
Mike Pelfrey,pelfm001
Mike Piazza,piazm001
Mike Rabelo,rabem001
Mike Redmond,redmm001
Mike Restovich,restm001
Mike Rivera,rivem003
Mike Rouse,rousm001
Mike Ryan,ryanm001
Mike Smith,smitm005
Mike Stanton,stanm004
Mike Sweeney,sweem002
Mike Thompson,thomm004
Mike Trout,troum001
Mike Vento,ventm001
Mike Wilson,wilsm002
Mike Wood,woodm002
Milton Bradley,bradm001
Mitch Atkins,atkim001
Mitch Jones,jonem003
Mitch Maier,maiem001
Mitch Moreland,morem001
Mitch Talbot,talbm001
Mitchell Boggs,boggm001
Moises Alou,aloum001
Moises Sierra,sierm001
Morgan Ensberg,ensbm001
Munenori Kawasaki,kawam001
Nate McLouth,mclon001
Nate Robertson,roben001
Nate Schierholtz,schin001
Nathan Adcock,adcon001
Nathan Eovaldi,eovan001
Nathan Haynes,haynn001
Nathan Robertson,roben001
Neftali Feliz,felin001
Neifi Perez,peren001
Neil Walker,walkn001
Nelson Cruz,cruzn002
Nelson Figueroa,figun001
Nick Adenhart,adenn001
Nick Blackburn,blacn001
Nick Evans,evann001
Nick Gorneault,gornn001
Nick Green,green001
Nick Hundley,hundn001
Nick Johnson,johnn001
Nick Markakis,markn001
Nick Masset,massn001
Nick Punto,puntn001
Nick Stavinoha,stavn001
Nick Swisher,swisn001
Niuman Romero,romen001
Noah Lowry,lowrn001
Nolan Reimold,reimn001
Nomar Garciaparra,garcn001
Nook Logan,logan001
Norichika Aoki,aokin001
Norris Hopper,hoppn001
Nyjer Morgan,morgn001
Odalis Perez,pereo001
Oliver Perez,pereo002
Olmedo Saenz,saeno001
Omar Beltre,belto001
Omar Infante,infao001
Omar Quintanilla,quino001
Omar Vizquel,vizqo001
Omir Santos,santo001
Orlando Cabrera,cabro001
Orlando Hernandez,herno001
Orlando Hudson,hudso001
Orlando Palmeiro,palmo001
Oscar Robles,roblo001
Oscar Salazar,salao001
Oscar Villarreal,villo001
Osvaldo Martinez,marto001
Oswaldo Navarro,navao001
P. J. Walters,waltp001
Pablo Ozuna,ozunp001
Pablo Sandoval,sandp001
Pat Burrell,burrp001
Pat Misch,miscp001
Patrick Corbin,corbp001
Patrick Misch,miscp001
Paul Bako,bakop001
Paul Byrd,byrdp001
Paul Goldschmidt,goldp001
Paul Hoover,hoovp001
Paul Janish,janip001
Paul Konerko,konep001
Paul Lo Duca,lodup001
Paul Maholm,mahop002
Paul McAnulty,mcanp001
Paul Phillips,philp001
Pedro Alvarez,alvap001
Pedro Astacio,astap001
Pedro Ciriaco,cirip001
Pedro Feliz,felip001
Pedro Florimon,florp001
Pedro Hernandez,hernp001
Pedro Lopez,lopep001
Pedro Martinez,martp001
Pete LaForest,lafop001
Pete Orr,orr-p001
Peter Bourjos,bourp001
Peter Kozma,kozmp001
Peter Orr,orr-p001
Phil Coke,cokep001
Phil Dumatrait,dumap001
Phil Hughes,hughp001
Phil Nevin,nevip001
Philip Hughes,hughp001
Philip Humber,humbp001
Placido Polanco,polap001
PlayerName,PlayerCode
Preston Wilson,wilsp002
Prince Fielder,fielp001
Quintin Berry,berrq001
Quinton McCracken,mccrq001
R. A. Dickey,dickr001
Radhames Liz,liz-r001
Rafael Furcal,furcr001
Rafael Ortega,orter001
Rajai Davis,davir003
Ramiro Pena,penar002
Ramon Castro,castr002
Ramon Hernandez,hernr002
Ramon Martinez,martr003
Ramon Ortiz,ortir002
Ramon Ramirez,ramir004
Ramon Santiago,santr002
Ramon Vazquez,vazqr001
Randall Delgado,delgr001
Randy Johnson,johnr005
Randy Keisler,keisr001
Randy Ruiz,ruizr001
Randy Wells,wellr001
Randy Winn,winnr001
Randy Wolf,wolfr001
Raul Casanova,casar001
Raul Chavez,chavr001
Raul Ibanez,ibanr001
Raul Valdes,valdr002
Ray Durham,durhr001
Ray Olmedo,olmer001
Reed Johnson,johnr008
Reggie Abercrombie,aberr001
Reggie Sanders,sandr002
Reggie Willits,willr004
Reid Brignac,brigr001
Reid Gorecki,gorer002
Rene Rivera,river003
Rene Tosoni,tosor001
Rhyne Hughes,hughr001
Rich Aurilia,aurir001
Rich Harden,hardr001
Rich Hill,hillr001
Rich Thompson,thomr005
Richie Sexson,sexsr001
Rick Ankiel,ankir001
Rick Bauer,bauer001
Rick Helling,hellr001
Rick Porcello,porcr001
Rick VandenHurk,vandr001
Rickie Weeks,weekr001
Ricky Ledee,leder001
Ricky Nolasco,nolar001
Ricky Romero,romer002
Rico Washington,washr002
Rob Bowen,bower002
Rob Brantly,branr002
Rob Johnson,johnr009
Rob Mackowiak,mackr001
Robb Quinlan,quinr002
Robby Hammock,hammr001
Robert Andino,andir001
Robert Fick,fickr001
Robert Ray,ray-r001
Roberto Hernandez,carmf001
Roberto Petagine,petar001
Robinson Cancel,cancr001
Robinson Cano,canor001
Robinson Chirinos,chirr001
Robinson Tejeda,tejer001
Robinzon Diaz,diazr001
Rocci Baldelli,baldr001
Rocco Baldelli,baldr001
Rod Barajas,barar001
Rodrigo Lopez,loper001
Roger Bernadina,bernr001
Roger Clemens,clemr001
Roman Colon,color001
Ron Belliard,bellr002
Rondell White,whitr001
Ronnie Belliard,bellr002
Ronny Cedeno,ceder002
Ronny Paulino,paulr001
Ross Detwiler,detwr001
Ross Gload,gloar001
Ross Ohlendorf,ohler001
Roy Halladay,hallr001
Roy Oswalt,oswar001
Royce Clayton,clayr001
Rubby De La Rosa,delar003
Ruben Gotay,gotar001
Ruben Sierra,sierr001
Ruben Tejada,tejar001
Runelvys Hernandez,hernr003
Russ Adams,adamr002
Russ Branyan,branr001
Russ Canzler,canzr001
Russ Mitchell,mitcr001
Russ Ortiz,ortir001
Russell Branyan,branr001
Russell Martin,martr004
Rusty Ryal,ryalr001
Ryan Adams,adamr003
Ryan Braun,braur002
Ryan Budde,buddr001
Ryan Church,churr001
Ryan Dempster,dempr002
Ryan Doumit,doumr001
Ryan Drese,dresr001
Ryan Feierabend,feier001
Ryan Flaherty,flahr001
Ryan Freel,freer001
Ryan Garko,garkr001
Ryan Hanigan,hanir001
Ryan Howard,howar001
Ryan Jackson,jackr005
Ryan Jorgensen,jorgr001
Ryan Kalish,kalir001
Ryan Klesko,klesr001
Ryan Langerhans,langr002
Ryan Lavarnway,lavar001
Ryan Ludwick,ludwr001
Ryan Madson,madsr001
Ryan O'Malley,omalr001
Ryan Raburn,rabur001
Ryan Roberts,rober002
Ryan Rohlinger,rohlr001
Ryan Rowland-Smith,rowlr002
Ryan Sadowski,sador001
Ryan Shealy,shear001
Ryan Spilborghs,spilr001
Ryan Sweeney,sweer001
Ryan Theriot,therr001
Ryan Tucker,tuckr001
Ryan Verdugo,verdr001
Ryan Vogelsong,voger001
Ryan Wheeler,wheer001
Ryan Zimmerman,zimmr001
Sal Fasano,fasas001
Salvador Perez,peres002
Sam Fuld,fulds001
Sam LeCure,lecus001
Sammy Sosa,sosas001
Samuel Deduno,dedus001
Sandy Alomar,aloms001
Sandy Leon,leons001
Scot Shields,shies002
Scott Atchison,atchs001
Scott Baker,bakes002
Scott Cousins,couss001
Scott Diamond,diams001
Scott Downs,downs001
Scott Elarton,elars001
Scott Feldman,felds001
Scott Hairston,hairs001
Scott Hatteberg,hatts001
Scott Kazmir,kazms001
Scott Lewis,lewis002
Scott Mathieson,maths001
Scott McClain,mccls001
Scott Moore,moors001
Scott Olsen,olses001
Scott Podsednik,podss001
Scott Richmond,richs001
Scott Rolen,roles001
Scott Sizemore,sizes001
Scott Spiezio,spies001
Scott Thorman,thors001
Scott Van Slyke,vanss001
Sean Burroughs,burrs001
Sean Casey,cases001
Sean Gallagher,galls001
Sean Henn,henns001
Sean Kazmar,kazms002
Sean Marshall,marss002
Sean O'Sullivan,osuls001
Sean Rodriguez,rodrs002
Sean West,wests001
Sergio Mitre,mitrs001
Seth Etherton,ethes001
Seth McClung,mccls002
Seth Smith,smits002
Shairon Martis,marts001
Shane Costa,costs001
Shane Komine,komis002
Shane Loux,louxs001
Shane Robinson,robis001
Shane Victorino,victs001
Shane Youman,youms001
Shannon Stewart,stews002
Shaun Marcum,marcs001
Shawn Chacon,chacs001
Shawn Estes,estes001
Shawn Green,grees001
Shawn Hill,hills003
Shawn Riggans,riggs001
Shea Hillenbrand,hills002
Shelby Miller,mills001
Shelley Duncan,duncs001
Shin-Soo Choo,choos001
Sidney Ponson,ponss001
Skip Schumaker,schus001
So Taguchi,tagus001
Starlin Castro,casts001
Starling Marte,marts002
Stephen Drew,drews001
Stephen Fife,fifes001
Stephen Strasburg,stras001
Stephen Vogt,vogts001
Steve Clevenger,clevs001
Steve Finley,finls001
Steve Holm,holms002
Steve Johnson,johns001
Steve Lombardozzi,lombs002
Steve Pearce,pears001
Steve Trachsel,tracs001
Steven Lerud,lerus001
Steven Pearce,pears001
Steven Tolleson,tolls001
Sunny Kim,kim-s001
T.J. Bohn,bohnt001
Tadahito Iguchi,iguct001
Taylor Buchholz,bucht001
Taylor Green,greet005
Taylor Teagarden,teagt001
Ted Lilly,lillt001
Terrence Long,longt002
Terrmel Sledge,sledt001
Terry Evans,evant002
Terry Tiffee,tifft001
Thomas Diamond,diamt001
Thomas Field,fielt001
Thomas Neal,nealt001
Tike Redman,redmt001
Tim Corcoran,corct002
Tim Federowicz,fedet001
Tim Harikkala,harit001
Tim Hudson,hudst001
Tim Laker,laket001
Tim Lincecum,linct001
Tim Redding,reddt001
Tim Salmon,salmt001
Tim Stauffer,staut001
Tim Wakefield,waket001
Timo Perez,peret004
Toby Hall,hallt001
Todd Frazier,frazt001
Todd Greene,greet003
Todd Helton,heltt001
Todd Hollandsworth,hollt001
Todd Linden,lindt001
Todd Pratt,pratt001
Todd Redmond,redmt002
Todd Walker,walkt002
Todd Wellemeyer,wellt002
Tom Glavine,glavt001
Tom Gorzelanny,gorzt001
Tom Koehler,koeht001
Tom Mastny,mastt001
Tom Milone,milot001
Tom Shearn,sheat001
Tomas De La Rosa,delat001
Tomas Perez,peret003
Tommy Everidge,evert001
Tommy Hanson,hanst001
Tommy Hunter,huntt002
Tommy Manzella,manzt001
Tommy Murphy,murpt001
Tommy Watkins,watkt001
Tomo Ohka,ohkat001
Tony Abreu,abret001
Tony Armas,armat002
Tony Batista,batit001
Tony Campana,campt001
Tony Clark,clart002
Tony Cruz,cruzt002
Tony Graffanino,graft001
Tony Gwynn,gwynt002
Tony Pena,penat002
Tony Pena,penat003
Tony Womack,womat001
Torii Hunter,huntt001
Travis Blackley,blact001
Travis Buck,buckt001
Travis Denker,denkt001
Travis Hafner,hafnt001
Travis Ishikawa,ishit001
Travis Lee,lee-t002
Travis Metcalf,metct001
Travis Smith,smitt001
Travis Snider,snidt001
Travis Wood,woodt004
Trayvon Robinson,robit001
Trent Oeltjen,oeltt001
Trevor Bauer,bauet001
Trevor Bell,bellt002
Trevor Cahill,cahit001
Trevor Crowe,crowt001
Trevor Plouffe,plout001
Trot Nixon,nixot001
Troy Glaus,glaut001
Troy Patton,pattt001
Troy Percival,perct001
Troy Tulowitzki,tulot001
Tsuyoshi Nishioka,nisht001
Tug Hulett,hulet002
Ty Taubenheim,taubt001
Ty Wigginton,wiggt001
Tyler Chatwood,chatt001
Tyler Clippard,clipt001
Tyler Cloyd,cloyt001
Tyler Colvin,colvt001
Tyler Flowers,flowt001
Tyler Greene,greet004
Tyler Moore,moort002
Tyler Pastornicky,pastt001
Tyler Skaggs,skagt001
Tyler Thornburg,thort001
Tyson Ross,rosst001
Ubaldo Jimenez,jimeu001
Val Pascucci,pascv001
Valerio De Los Santos,delov001
Van Benschoten,vanbj001
Vance Wilson,wilsv001
Vance Worley,worlv001
Vernon Wells,wellv001
Vicente Padilla,padiv001
Victor Diaz,diazv001
Victor Martinez,martv001
Victor Santos,santv001
Victor Zambrano,zambv001
Vin Mazzaro,mazzv001
Vinny Castilla,castv001
Vinny Rottino,rottv001
Virgil Vasquez,vasqv001
Vladimir Guerrero,guerv001
Wade Davis,daviw001
Wade LeBlanc,leblw001
Wade Miley,milew001
Wade Miller,millw001
Walter Silva,silvw001
Wandy Rodriguez,rodrw002
Warner Madrigal,madrw001
Wei-Yin Chen,chenw001
Welington Castillo,castw002
Wes Bankston,bankw002
Wes Helms,helmw001
Wes Obermueller,oberw001
Wesley Wright,wrigw001
Wiki Gonzalez,gonzw001
Wil Ledezma,ledew001
Wil Nieves,nievw001
Wilin Rosario,rosaw001
Wilkin Castillo,castw001
Wilkin Ramirez,ramiw001
Will Middlebrooks,middw001
Will Rhymes,rhymw001
Will Smith,smitw002
Will Venable,venaw001
Willie Bloomquist,bloow001
Willie Eyre,eyrew001
Willie Harris,harrw001
Willy Aybar,aybaw001
Willy Taveras,tavew001
Wilson Betemit,betew001
Wilson Ramos,ramow001
Wilson Valdez,valdw001
Wilton Lopez,lopew001
Wily Mo Pena,penaw001
Wily Pena,penaw001
Wily Peralta,peraw001
Wladimir Balentien,balew001
Woody Williams,willw001
Wyatt Toregas,torew001
Xavier Avery,averx001
Xavier Nady,nadyx001
Xavier Paul,paulx001
Yadier Molina,moliy001
Yamaico Navarro,navay001
Yan Gomes,gomey001
Yasmani Grandal,grany001
Yoenis Cespedes,cespy001
Yonder Alonso,alony001
Yorman Bazardo,bazay001
Yorvit Torrealba,torry001
Yoslan Herrera,herry001
Yovani Gallardo,gally001
Yu Darvish,darvy001
Yunel Escobar,escoy001
Yunesky Maya,mayay001
Yuniesky Betancourt,betay001
Yusmeiro Petit,petiy001
Zach Britton,britz001
Zach Day,day-z001
Zach Duke,dukez001
Zach Jackson,jackz001
Zach Kroenke,kroez001
Zach Lutz,lutzz001
Zach McAllister,mcalz001
Zach Miner,minez001
Zach Stewart,stewz001
Zachary Britton,britz001
Zack Cozart,cozaz001
Zack Greinke,greiz001
Zack Segovia,segoz001
